[
    {
        "name":"Mula Kunis",
        "email":"Mula@gmail.com",
        "Address":"Karachi,Pakistan",
        "number":"03009876543",
        "work": "cleaning",
        "experience":"03"
    },
    {
        "name":"Ali",
        "email":"Ali@gmail.com",
        "Address":"Lahore,Pakistan",
        "number":"03009843333",
        "work": "housekeeping",
        "experience":"0"
    },
    {
        "name":"Raza",
        "email":"raza@gmail.com",
        "Address":"Karachi,Pakistan",
        "number":"03009876543",
        "work": "Nursing",
        "experience":"05"
    },
    {
        "name":"Akram",
        "email":"akarm@gmail.com",
        "Address":"Pakistan",
        "number":"03009987653",
        "work": "cooking",
        "experience":"03"
    }
]